{"cameraMode":{"drawMode":0,"name":"Shaded","section":"Shading Mode"},"sceneLighting":false,"audioPlay":false,"sceneViewState":{"showFog":true,"showMaterialUpdate":false,"showSkybox":false,"showFlares":true,"showImageEffects":true,"showParticleSystems":true},"in2DMode":false,"pivot":{"x":-10.569999694824219,"y":6.020000457763672,"z":-8.199999809265137},"rotation":{"x":-0.1274552047252655,"y":0.5777583122253418,"z":-0.09194157272577286,"w":-0.8009402751922607},"size":27.98337173461914,"orthographic":false}